object_num,max_cc_time,time_start,time_end,max_cc_val,max_sig,time_diff
0,-1379.2,-1382.8,-1371.2,-0.46015,-2.53624,11.6
0,-453.2,-470.4,-427.2,0.45101,2.34037,43.2
0,-0.4,-5.6,11.2,0.62529,3.86681,16.8
0,903.6,876.0,908.8,-0.44024,-2.2798,32.8
0,1045.6,1017.6,1059.2,-0.50092,-2.80694,41.6
0,2184.4,2172.0,2203.6,0.50042,2.73611,31.6
1,-508.4,-546.8,-491.2,-0.48484,-3.40541,55.6
1,-2.4,-7.6,4.0,0.56078,4.3405,11.6
1,497.2,494.8,521.2,-0.3693,-2.62366,26.4
1,715.2,704.0,757.6,0.31587,2.4197,53.6
2,-1401.2,-1404.4,-1398.0,0.52091,2.20556,6.4
2,-0.4,-4.8,13.6,0.40783,3.21759,18.4
2,540.0,528.8,557.2,-0.27446,-2.26261,28.4
2,1064.4,1042.4,1067.2,-0.36084,-2.87884,24.8
2,1385.6,1375.2,1398.4,0.30714,2.44002,23.2
3,-1332.4,-1376.0,-1326.0,-0.39195,-2.554,50.0
3,-2.4,-14.8,12.4,0.48178,2.54144,27.2
3,198.8,177.2,212.4,0.44249,2.38263,35.2
3,608.0,594.4,640.8,0.40691,2.21758,46.4
3,1500.4,1483.6,1518.8,-0.5278,-2.78733,35.2
4,-1492.4,-1505.6,-1472.4,0.43803,2.3304,33.2
4,-1377.6,-1387.6,-1373.2,0.62349,3.15062,14.4
4,-1310.8,-1320.8,-1289.2,-0.49092,-2.32619,31.6
4,-96.4,-109.6,-85.2,0.34342,2.26143,24.4
4,-0.4,-4.8,4.4,0.53214,3.59889,9.2
4,956.4,945.2,966.8,0.35094,2.44526,21.6
4,1869.6,1866.0,1875.6,-0.33567,-2.20235,9.6
4,2000.0,1956.0,2015.2,-0.32607,-2.32102,59.2
4,2075.6,2063.6,2092.8,-0.34631,-2.53738,29.2
5,-1262.4,-1273.6,-1255.6,-0.5791,-2.62684,18.0
5,-3.6,-25.6,7.6,0.50849,3.46312,33.2
5,767.6,754.0,772.0,-0.27495,-2.13042,18.0
5,1518.4,1510.4,1548.8,0.29359,2.38559,38.4
5,2090.4,2053.6,2102.0,-0.36884,-2.22607,48.4
6,-1445.2,-1464.0,-1440.4,-0.44252,-2.39659,23.6
6,-1387.2,-1396.4,-1372.8,-0.47618,-2.68671,23.6
6,-493.2,-524.0,-480.8,-0.41288,-2.702,43.2
6,-411.2,-435.6,-395.2,-0.39767,-2.68081,40.4
6,-328.4,-334.0,-321.2,-0.37248,-2.44698,12.8
6,-212.0,-222.0,-180.0,-0.35856,-2.43769,42.0
6,0.8,-2.8,8.0,0.56232,4.1934,10.8
6,70.8,56.4,79.6,0.41703,2.90844,23.2
6,222.4,204.8,226.8,0.38764,2.93002,22.0
6,1130.4,1116.4,1143.2,0.3275,2.33118,26.8
6,1198.0,1187.2,1209.2,0.37558,2.75451,22.0
6,1254.4,1223.6,1260.8,0.39199,3.00572,37.2
6,1289.6,1282.8,1297.2,0.30091,2.25963,14.4
6,1658.8,1649.6,1667.2,-0.51129,-4.0703,17.6
6,1699.2,1688.8,1708.8,-0.37618,-2.79943,20.0
7,-600.8,-649.6,-585.2,-0.42371,-2.59717,64.4
7,-559.6,-567.2,-554.4,-0.48996,-2.36427,12.8
7,-465.6,-469.6,-440.8,-0.49717,-2.18254,28.8
7,0.8,-5.6,8.0,0.44116,2.92324,13.6
7,1592.4,1582.0,1656.0,0.4111,2.31371,74.0
8,-1.2,-16.4,21.6,0.53867,4.09105,38.0
8,1792.8,1780.0,1830.4,-0.47164,-2.96338,50.4
8,2455.2,2414.0,2472.8,0.45246,2.82822,58.8
9,-1175.6,-1181.6,-1156.8,0.54159,2.71465,24.8
9,-147.6,-194.0,-95.6,-0.29995,-2.3075,98.4
9,25.2,0.4,42.4,0.59752,4.52699,42.0
9,970.0,956.0,988.8,-0.47466,-3.18758,32.8
9,1528.0,1520.4,1542.4,-0.34266,-2.66845,22.0
9,1594.4,1576.0,1603.6,-0.31958,-2.54862,27.6
10,-1448.0,-1451.6,-1430.4,0.57197,2.77668,21.2
10,-594.8,-602.4,-576.0,0.35295,2.59833,26.4
10,-333.6,-340.8,-329.2,0.31475,2.39766,11.6
10,-187.2,-212.8,-182.4,-0.33098,-2.31658,30.4
10,-0.4,-4.8,6.0,0.47457,3.81485,10.8
10,992.8,969.2,999.2,-0.37581,-2.35754,30.0
10,1338.8,1330.4,1353.6,-0.41512,-2.49259,23.2
11,73.6,-19.2,118.8,0.43512,2.85195,138.0
11,1426.4,1412.8,1439.6,0.40563,2.55337,26.8
11,1493.6,1468.4,1520.4,0.41957,2.57191,52.0
11,1621.6,1560.8,1665.6,0.42642,2.69257,104.8
11,2116.8,2106.4,2146.4,-0.32803,-2.21288,40.0
11,2340.0,2188.4,2371.2,-0.35665,-2.4864,182.8
12,51.6,-4.0,60.4,0.43179,2.53926,64.4
12,1579.6,1569.6,1602.4,-0.3061,-2.4116,32.8
12,1704.8,1692.8,1720.4,-0.28224,-2.21643,27.6
13,-875.2,-944.4,-827.2,-0.59947,-2.8323,117.2
13,-673.2,-698.4,-649.6,-0.48665,-2.25625,48.8
13,0.4,-14.0,4.0,0.44633,2.36401,18.0
13,1630.4,1624.0,1639.6,0.30698,2.20023,15.6
14,-718.0,-726.8,-680.8,0.32856,2.22203,46.0
14,-0.4,-10.4,16.0,0.35566,2.39934,26.4
14,1239.6,1219.6,1258.0,-0.43749,-2.86576,38.4
14,2417.6,2410.8,2440.8,0.40515,2.26773,30.0
17,-1452.4,-1470.8,-1416.0,0.59132,2.32927,54.8
17,-1151.2,-1166.4,-1104.0,-0.58627,-2.70373,62.4
17,-791.2,-830.8,-775.2,0.497,2.59526,55.6
17,-684.4,-707.6,-657.6,0.50403,2.76146,50.0
17,-330.0,-342.8,-318.8,-0.45326,-2.66676,24.0
17,18.0,-18.4,47.6,0.55035,3.58757,66.0
17,399.2,370.0,416.4,-0.49735,-3.29465,46.4
17,846.0,826.0,882.8,0.41843,2.87258,56.8
17,1135.6,1114.0,1154.0,-0.4,-2.71942,40.0
17,1319.6,1298.0,1354.4,-0.34724,-2.56686,56.4
17,1511.2,1467.2,1607.2,0.35443,2.50542,140.0
17,2009.2,1987.2,2022.0,-0.44794,-3.07326,34.8
17,2403.6,2339.2,2422.8,0.46527,3.02911,83.6
18,-1219.2,-1228.0,-1201.6,0.4974,2.36548,26.4
18,-75.6,-99.6,-34.8,0.41609,2.48527,64.8
18,-3.2,-11.2,14.4,0.43384,2.81554,25.6
18,1080.8,1066.0,1098.8,-0.39315,-2.50823,32.8
18,1184.0,1178.8,1196.4,-0.36495,-2.41463,17.6
18,1988.0,1962.0,1994.8,0.48563,2.9332,32.8
21,-975.2,-1078.0,-954.0,0.48979,2.45107,124.0
21,-612.4,-662.0,-590.4,-0.37579,-2.22208,71.6
22,590.0,560.4,616.8,0.44301,2.14008,56.4
22,1724.8,1690.8,1740.4,0.56233,2.96248,49.6
22,2215.2,2180.4,2225.2,0.53688,2.44351,44.8
23,140.0,129.6,170.0,0.61992,3.31598,40.4
24,6.4,-6.8,27.6,0.43267,3.31069,34.4
25,-1118.0,-1172.4,-1067.6,-0.42213,-2.29935,104.8
28,-760.8,-788.8,-738.4,0.57587,2.55688,50.4
28,-337.6,-349.2,-316.4,-0.57898,-2.83342,32.8
28,4.8,-10.0,22.4,0.76029,4.60428,32.4
28,448.8,398.0,478.4,-0.63683,-3.72863,80.4
28,854.8,828.4,876.0,0.57917,3.78925,47.6
28,1264.8,1242.0,1293.2,-0.49629,-2.84857,51.2
28,1931.2,1901.6,1956.4,0.4681,2.90864,54.8
28,2368.4,2346.8,2382.8,-0.4747,-2.66484,36.0
29,2.0,-5.6,34.4,0.33339,2.40698,40.0
30,-103.6,-114.4,-68.0,-0.33309,-2.30487,46.4
30,1022.4,954.0,1041.6,-0.37412,-2.24968,87.6
30,2428.0,2400.4,2440.0,0.49999,2.75847,39.6
31,-952.0,-968.8,-924.4,0.548,2.82632,44.4
31,-593.2,-609.2,-570.8,-0.508,-2.22436,38.4
31,41.6,16.0,64.4,0.41041,2.64386,48.4
31,439.6,431.2,481.2,-0.34196,-2.10762,50.0
31,682.4,670.8,713.6,-0.47604,-2.60881,42.8
31,1952.8,1940.4,1966.4,-0.4395,-2.54376,26.0
31,2324.0,2300.8,2359.6,0.36109,2.24668,58.8
31,2470.4,2440.4,2482.8,0.35314,2.31498,42.4
32,1906.0,1839.2,1960.0,-0.29675,-2.116,120.8
34,-0.4,-7.2,10.4,0.44572,3.16157,17.6
35,-1146.8,-1153.6,-1137.6,-0.67117,-2.87083,16.0
35,-1081.6,-1107.2,-1058.8,-0.69478,-2.8486,48.4
35,-964.4,-1029.6,-941.6,-0.69965,-2.78351,88.0
35,-692.0,-695.6,-638.4,-0.63461,-2.27001,57.2
35,27.6,9.6,76.0,0.64307,3.41379,66.4
35,322.0,272.4,348.4,0.64908,3.68515,76.0
35,708.0,689.2,770.4,0.45556,2.24099,81.2
37,-632.4,-641.2,-615.2,0.58331,2.80951,26.0
37,-385.2,-394.8,-356.8,-0.45332,-2.53074,38.0
37,-320.4,-332.4,-302.8,-0.44893,-2.78471,29.6
37,-0.4,-7.2,6.8,0.59231,3.68577,14.0
37,57.2,50.0,69.6,0.41426,2.68681,19.6
37,261.6,252.0,291.2,-0.38344,-2.68626,39.2
37,1120.0,1112.8,1143.2,0.35978,2.36591,30.4
37,1539.6,1516.4,1561.6,-0.38432,-2.41246,45.2
37,1647.6,1628.8,1669.6,-0.38753,-2.33682,40.8
37,1714.4,1692.4,1723.6,-0.38336,-2.38911,31.2
38,-152.4,-168.8,-129.2,-0.37096,-2.56501,39.6
38,-2.0,-10.0,14.8,0.41602,3.64348,24.8
38,818.4,792.8,836.0,0.29931,2.3121,43.2
39,-2.4,-10.0,7.2,0.67039,3.34714,17.2
39,498.4,443.6,539.2,0.49535,2.30343,95.6
40,-451.6,-464.8,-444.4,-0.45291,-2.82622,20.4
40,-264.4,-277.6,-242.0,-0.43221,-2.91577,35.6
40,-4.4,-16.0,6.4,0.49901,2.76717,22.4
40,2514.4,2495.6,2520.0,-0.33877,-2.28156,24.4
42,1.6,-11.2,8.4,0.44271,3.65535,19.6
42,2486.8,2476.4,2514.8,0.36413,2.20848,38.4
45,-600.0,-639.2,-574.0,-0.39902,-2.35464,65.2
45,-3.2,-26.8,19.2,0.37156,2.46793,46.0
46,-869.2,-895.6,-824.4,-0.54466,-3.36972,71.2
46,-520.4,-571.6,-508.0,0.36895,2.26028,63.6
46,-12.4,-35.6,6.8,0.44328,3.3847,42.4
46,290.8,281.6,314.0,-0.36146,-2.51105,32.4
46,1284.8,1260.4,1301.2,0.3242,2.23448,40.8
46,1427.2,1417.2,1458.4,0.34776,2.3938,41.2
46,1752.8,1726.4,1769.2,-0.44146,-3.25765,42.8
46,1838.8,1817.6,1845.6,-0.4347,-2.98449,28.0
46,2415.2,2399.2,2444.4,0.34631,2.20701,45.2
48,2288.8,2280.4,2320.4,0.49994,2.68308,40.0
49,9.6,-2.8,19.2,0.40583,3.4537,22.0
49,790.4,781.6,808.0,0.28742,2.37553,26.4
49,973.2,953.6,987.6,-0.38034,-2.79999,34.0
50,-545.2,-573.6,-532.4,-0.44364,-2.59422,41.2
50,51.6,25.6,64.8,0.27712,2.14356,39.2
50,136.4,117.2,151.2,0.27945,2.20879,34.0
52,-3.2,-38.8,21.6,0.31972,2.18258,60.4
53,-1036.0,-1051.6,-1020.0,-0.37178,-2.32776,31.6
53,-863.2,-886.0,-842.8,-0.46988,-2.20066,43.2
53,-748.0,-760.0,-739.2,-0.44405,-2.17882,20.8
53,1728.8,1708.4,1756.8,0.31126,2.29944,48.4
53,1925.6,1912.8,1940.4,0.32328,2.40781,27.6
53,2183.2,2172.8,2203.2,-0.28436,-2.21895,30.4
54,-1414.8,-1423.6,-1400.8,0.49555,2.27697,22.8
54,-1210.4,-1215.6,-1202.4,0.47673,2.2337,13.2
54,-904.4,-911.2,-899.6,-0.53794,-2.63,11.6
54,-819.6,-826.4,-809.2,-0.56105,-2.90392,17.2
54,-146.0,-165.6,-130.8,0.40137,2.46837,34.8
54,-2.8,-12.4,59.2,0.44728,2.92899,71.6
54,1510.4,1500.4,1528.8,-0.30267,-2.29496,28.4
54,1731.6,1727.2,1751.6,-0.30743,-2.22646,24.4
54,2430.0,2416.8,2454.0,0.41998,2.9285,37.2
57,8.4,1.6,26.8,0.24582,2.10905,25.2
59,-1248.0,-1264.4,-1239.6,-0.49793,-2.12487,24.8
59,-1204.0,-1212.8,-1181.2,-0.5449,-2.33278,31.6
59,-0.4,-15.2,10.4,0.6875,3.58701,25.6
59,2346.8,2329.2,2362.8,-0.51064,-2.47872,33.6
61,529.6,515.2,549.2,-0.38976,-2.61131,34.0
61,939.6,869.6,978.0,0.41109,2.6312,108.4
61,1429.2,1404.8,1455.6,-0.39445,-2.53538,50.8
61,2470.0,2444.0,2499.6,0.36338,2.5513,55.6
63,-192.8,-242.4,33.2,0.40618,2.28081,275.6
65,-831.6,-838.4,-802.8,0.30131,2.20578,35.6
65,2.0,-7.6,9.6,0.54304,5.32718,17.2
65,2218.8,2193.2,2231.2,0.29976,2.57547,38.0
65,2396.0,2384.0,2409.2,-0.3374,-2.95622,25.2
66,-1446.4,-1461.2,-1403.2,-0.56401,-2.50962,58.0
66,-1294.4,-1319.2,-1283.2,-0.65206,-2.9028,36.0
66,-1179.6,-1205.6,-1167.2,-0.56649,-2.38887,38.4
66,-423.2,-464.0,-374.0,-0.46491,-2.28477,90.0
66,11.6,-7.2,34.8,0.51102,3.36637,42.0
66,1178.0,1100.0,1195.2,0.38981,2.70412,95.2
66,1652.8,1638.8,1663.6,-0.37074,-2.33841,24.8
68,-433.2,-448.8,-424.4,-0.32813,-2.12007,24.4
70,-1213.2,-1224.4,-1206.0,-0.63382,-2.58389,18.4
70,-961.2,-971.6,-956.0,-0.50248,-2.30962,15.6
70,-0.8,-10.4,8.0,0.55759,3.73484,18.4
70,736.4,701.6,742.4,-0.34123,-2.5425,40.8
71,-1.6,-10.8,8.8,0.46906,2.53001,19.6
71,600.4,568.4,697.2,0.40361,2.2762,128.8
71,1156.8,1144.4,1165.2,-0.56112,-2.89747,20.8
71,2261.2,2186.8,2323.6,0.59212,3.09764,136.8
77,-1478.8,-1491.2,-1472.0,0.6182,2.65444,19.2
77,-1224.0,-1245.2,-1209.6,-0.65147,-2.85006,35.6
77,-4.0,-19.2,12.4,0.44438,3.50539,31.6
77,2290.0,2261.6,2300.0,-0.29027,-2.19575,38.4
78,-469.6,-479.6,-450.0,0.33939,2.18087,29.6
79,1997.2,1976.8,2119.2,-0.28772,-2.19613,142.4
80,-1342.0,-1381.2,-1317.6,-0.40733,-2.35753,63.6
80,-1176.4,-1210.0,-1166.0,0.42135,2.31718,44.0
80,-151.6,-180.4,-114.0,-0.27625,-2.30852,66.4
80,1364.8,1340.8,1373.2,-0.18685,-2.2122,32.4
84,-639.6,-697.6,-584.8,0.5529,2.48437,112.8
84,-4.4,-36.8,28.8,0.55316,3.06091,65.6
84,984.0,942.4,1014.0,-0.44914,-2.61037,71.6
84,2161.2,2135.2,2201.2,0.39036,2.45972,66.0
85,-1382.0,-1391.2,-1368.0,0.50912,2.56103,23.2
85,-464.4,-480.4,-420.4,-0.4825,-2.86682,60.0
85,-341.6,-350.4,-305.2,-0.39683,-2.50225,45.2
85,-4.0,-17.6,8.4,0.42971,2.89134,26.0
85,254.0,212.4,280.4,-0.4914,-3.17126,68.0
85,1807.6,1789.6,1826.0,0.46334,3.68436,36.4
86,-1059.2,-1100.8,-1048.4,0.63559,2.85867,52.4
86,-836.4,-877.2,-826.8,-0.4996,-3.12276,50.4
86,-588.0,-605.6,-582.8,0.3685,2.21127,22.8
86,-312.0,-351.2,-291.6,-0.46319,-2.97353,59.6
86,2.4,-8.4,12.0,0.68315,4.75016,20.4
86,237.6,208.8,250.0,-0.35646,-2.89982,41.2
86,456.8,448.4,470.0,0.31889,2.30113,21.6
86,1828.0,1798.0,1833.6,0.35536,2.72338,35.6
86,1894.0,1883.2,1930.0,0.33048,2.32347,46.8
86,2488.0,2437.2,2572.8,-0.41267,-2.60191,135.6
87,4.0,-10.4,17.2,0.30721,2.38616,27.6
87,686.4,664.8,695.2,-0.33669,-2.70393,30.4
87,1405.2,1371.2,1419.6,0.36192,2.56529,48.4
92,521.2,501.2,548.4,0.34122,2.36396,47.2
94,1064.0,1024.4,1085.2,-0.4285,-2.54922,60.8
95,416.4,394.4,490.8,0.36132,2.20046,96.4
95,2097.6,2056.4,2129.2,0.44133,2.46316,72.8
96,947.6,888.4,1003.2,-0.58823,-2.7126,114.8
100,-1241.6,-1251.6,-1228.0,-0.55843,-2.53475,23.6
100,-3.6,-14.4,13.2,0.42418,2.66795,27.6
100,854.4,803.6,869.6,0.40146,2.69065,66.0
100,1324.8,1295.6,1358.8,-0.2993,-2.33832,63.2
101,-1050.4,-1063.6,-1038.4,0.37109,2.16066,25.2
101,-895.2,-912.4,-877.6,0.34785,2.26611,34.8
101,-563.2,-573.6,-544.8,-0.33812,-2.47066,28.8
101,-96.4,-126.4,-81.6,0.3015,2.74766,44.8
101,-0.8,-8.0,47.6,0.29322,2.4638,55.6
101,847.6,829.6,878.4,0.28443,2.58325,48.8
103,-245.6,-262.8,-230.0,0.52735,2.84114,32.8
103,2.4,-6.8,17.2,0.63658,3.64794,24.0
103,581.6,552.8,605.6,0.48693,2.50876,52.8
106,-579.6,-646.4,-562.8,0.42693,2.43782,83.6
106,573.2,487.6,590.0,-0.3845,-2.74208,102.4
106,1707.2,1694.0,1769.6,0.36909,2.4725,75.6
107,-1479.6,-1494.0,-1456.8,0.59489,2.99069,37.2
107,-1172.4,-1181.6,-1153.2,-0.50463,-2.45901,28.4
107,-1061.2,-1073.2,-1050.4,-0.5583,-2.68941,22.8
107,-977.2,-997.6,-958.8,-0.57307,-3.02861,38.8
107,-733.2,-768.8,-714.0,0.53009,3.18307,54.8
107,-668.0,-676.8,-650.4,0.51251,3.12944,26.4
107,-119.2,-131.6,-104.0,0.47776,2.85979,27.6
107,0.0,-9.6,15.2,0.72724,4.46658,24.8
107,390.8,340.4,407.6,-0.52691,-3.05496,67.2
107,1062.8,1028.4,1077.6,-0.61912,-3.51946,49.2
108,2.4,-13.6,19.2,0.24923,2.43465,32.8
109,1319.2,1303.6,1376.0,0.25085,2.21133,72.4
109,1629.6,1600.8,1654.0,-0.24976,-2.19304,53.2
113,7.2,-14.4,29.6,0.55292,3.37278,44.0
116,-6.0,-59.6,18.8,0.39622,2.83203,78.4
116,766.4,740.0,839.6,-0.35463,-2.1803,99.6
116,1543.6,1514.8,1569.6,0.29202,2.27617,54.8
116,1690.4,1651.2,1715.2,0.32169,2.4959,64.0
121,-902.0,-915.2,-870.0,0.63997,2.66528,45.2
121,-468.8,-495.2,-457.2,-0.44192,-2.3896,38.0
121,-30.0,-47.6,-14.0,0.51535,3.10092,33.6
122,1915.2,1897.6,1939.6,0.41245,2.34709,42.0
122,2272.8,2257.6,2290.8,0.41193,2.18823,33.2
124,-4.4,-38.8,17.6,0.31327,2.22968,56.4
124,1746.0,1726.4,1795.6,0.31414,2.30676,69.2
127,-1300.0,-1320.4,-1286.8,0.4959,2.3009,33.6
127,-582.4,-616.8,-566.8,-0.38661,-2.51326,50.0
127,1240.8,1225.2,1282.4,0.41366,2.31806,57.2
127,1423.2,1381.2,1435.6,0.3798,2.18914,54.4
127,1619.2,1529.6,1632.0,0.404,2.49055,102.4
127,1769.6,1706.8,1784.4,0.3896,2.5425,77.6
128,2174.0,2134.4,2188.8,0.54921,2.81591,54.4
128,2300.4,2266.0,2317.2,0.56778,3.02439,51.2
129,-436.4,-468.0,-413.2,-0.63613,-2.83835,54.8
129,27.6,-5.2,38.4,0.50111,2.59591,43.6
129,598.4,523.6,745.2,0.50283,2.53538,221.6
130,2.4,-30.8,31.2,0.31748,2.52445,62.0
131,-361.2,-382.8,-335.6,-0.35058,-2.34738,47.2
131,6.4,-5.2,19.6,0.46399,3.55019,24.8
131,208.8,194.8,245.6,-0.30322,-2.44817,50.8
131,355.6,343.2,375.2,-0.28144,-2.23276,32.0
131,574.0,565.6,600.8,0.40118,2.62431,35.2
131,1923.2,1901.2,1939.2,-0.29672,-2.21292,38.0
134,-323.2,-337.6,-308.8,-0.31065,-2.19391,28.8
134,-2.4,-18.0,19.6,0.36484,2.5518,37.6
134,1334.4,1320.0,1368.8,0.28867,2.3408,48.8
134,1645.6,1635.6,1692.0,-0.32339,-2.49204,56.4
134,2166.4,2153.6,2193.2,0.30173,2.37231,39.6
134,2533.6,2494.4,2554.0,-0.3096,-2.27079,59.6
139,-1.2,-8.8,10.4,0.30518,2.52133,19.2
139,1021.6,1000.0,1034.0,0.31013,2.65634,34.0
139,2239.6,2214.8,2313.6,0.36468,2.59627,98.8
140,6.0,-10.4,26.8,0.44396,3.32126,37.2
141,-140.4,-184.4,-108.8,0.35215,2.16099,75.6
146,2144.0,2129.6,2154.4,-0.5662,-2.31803,24.8
146,2245.6,2226.4,2271.2,-0.63508,-2.88993,44.8
146,2412.4,2360.0,2427.2,-0.57666,-2.63768,67.2
148,294.8,260.4,309.6,-0.3645,-2.19444,49.2
152,-917.2,-926.8,-840.8,-0.43871,-2.73823,86.0
152,-15.2,-60.8,58.8,0.40106,2.60494,119.6
152,1561.2,1518.8,1604.8,0.34479,2.34779,86.0
156,1826.0,1807.6,1862.8,0.33768,2.47477,55.2
157,-11.2,-14.8,82.8,0.55718,3.44314,97.6
158,-282.0,-362.4,-255.2,0.49895,2.79336,107.2
158,1878.8,1844.0,1935.2,0.38488,2.12574,91.2
160,40.8,4.4,170.0,0.44833,2.69852,165.6
160,2278.0,1997.2,2309.2,-0.41602,-2.31461,312.0
165,1610.8,1599.6,1628.0,0.29723,2.21275,28.4
166,-187.6,-262.4,-24.4,0.43566,2.19695,238.0
166,1891.2,1797.6,2007.6,0.49283,2.22897,210.0
168,-2.8,-6.4,4.4,0.3545,2.67773,10.8
173,-1143.2,-1174.8,-1125.6,0.49925,2.46932,49.2
173,-678.4,-778.4,-669.2,-0.50044,-2.72717,109.2
173,-2.4,-22.8,15.6,0.4861,2.96804,38.4
173,195.6,166.0,207.6,0.37304,2.21868,41.6
173,1404.4,1396.8,1436.8,-0.33803,-2.14875,40.0
174,-1185.2,-1241.2,-1126.4,-0.48964,-2.32603,114.8
174,36.8,-11.6,72.0,0.59258,3.16111,83.6
174,1212.0,1179.2,1267.2,-0.60898,-3.56543,88.0
174,2341.6,2304.8,2445.2,0.64128,2.94452,140.4
175,28.0,-17.6,42.0,0.45689,3.16083,59.6
175,1677.6,1664.0,1700.4,0.35531,2.4854,36.4
175,1906.0,1885.6,1933.2,0.33451,2.33718,47.6
176,8.4,-15.6,39.6,0.25679,2.47831,55.2
187,-860.0,-921.2,-833.2,-0.44599,-2.35955,88.0
187,-0.4,-18.8,30.8,0.49322,2.92252,49.6
187,906.4,853.2,925.6,-0.41408,-2.54318,72.4
189,1026.4,1009.2,1044.0,0.36061,2.12482,34.8
195,2024.4,1973.2,2058.0,0.25084,2.12416,84.8
197,-0.8,-14.4,22.4,0.42654,3.25953,36.8
197,1868.8,1850.8,1906.0,0.31706,2.40229,55.2
197,2070.4,2039.2,2086.4,0.28754,2.19538,47.2
206,1.2,-23.6,8.8,0.31785,2.43716,32.4
209,-2.0,-23.2,31.2,0.26316,2.29571,54.4
210,2144.4,2124.8,2168.0,-0.25893,-2.44448,43.2
219,-1111.6,-1159.6,-1062.8,0.56393,2.65397,96.8
219,-535.6,-657.6,-486.0,-0.41616,-2.7536,171.6
219,-3.6,-22.4,10.0,0.58636,4.26729,32.4
219,478.8,432.0,502.8,-0.41361,-2.92105,70.8
219,1092.8,1057.2,1110.4,0.42044,2.80673,53.2
219,1263.2,1184.8,1274.8,0.37978,2.70369,90.0
219,1619.6,1561.2,1634.0,-0.32391,-2.36337,72.8
220,4.0,-15.6,18.0,0.41851,2.67057,33.6
220,138.8,115.6,182.4,0.31223,2.0881,66.8
225,2494.0,2434.4,2528.8,-0.36089,-2.23907,94.4
226,-1394.0,-1447.2,-1308.0,-0.56777,-2.41591,139.2
226,-555.2,-652.4,-508.0,-0.35055,-2.16826,144.4
226,-96.8,-121.6,-62.8,0.56876,3.73032,58.8
226,1347.2,1316.8,1533.2,-0.4456,-2.44068,216.4
231,4.8,-14.4,40.4,0.26329,2.28737,54.8
231,1976.8,1955.6,2003.6,-0.26087,-2.20293,48.0
236,1488.8,1432.0,1562.0,-0.31969,-2.13418,130.0
243,1.2,-38.0,35.2,0.33548,2.26606,73.2
243,319.6,279.6,333.6,-0.27731,-2.16423,54.0
243,817.6,791.2,846.8,0.37417,2.5298,55.6
248,-1082.4,-1152.8,-1063.6,0.44108,2.46696,89.2
248,22.4,-6.8,36.4,0.34985,2.14619,43.2
258,-1137.6,-1160.8,-1125.2,-0.49883,-2.24309,35.6
258,66.4,-20.0,93.2,0.34373,2.50638,113.2
258,1200.4,1186.8,1221.2,-0.38608,-2.47293,34.4
259,-0.4,-24.8,31.2,0.31543,2.2334,56.0
259,1218.4,1156.8,1234.8,0.41929,2.75484,78.0
261,-367.6,-400.8,-352.8,0.47209,2.41737,48.0
261,0.8,-27.2,24.0,0.58328,3.34904,51.2
261,2400.4,2362.4,2413.2,0.36814,2.35285,50.8
266,649.6,623.6,677.2,-0.36225,-2.51538,53.6
270,-51.6,-111.6,50.4,0.45212,2.37532,162.0
270,808.8,772.8,875.6,-0.52464,-2.57504,102.8
270,1872.4,1843.2,1920.0,0.40683,2.24149,76.8
272,144.8,69.2,212.8,0.36269,2.12674,143.6
276,-604.4,-624.0,-591.2,-0.45919,-2.46448,32.8
276,-64.0,-86.0,14.4,0.41242,2.74538,100.4
276,920.4,896.8,944.8,0.33518,2.47605,48.0
280,1240.4,1076.8,1309.6,-0.46772,-2.59288,232.8
284,4.8,-19.6,30.4,0.26912,2.18643,50.0
290,-1028.4,-1041.6,-1010.0,-0.35395,-2.13167,31.6
290,0.8,-9.6,11.6,0.57427,3.63898,21.2
290,199.6,187.6,221.2,0.38936,2.14108,33.6
290,300.0,259.6,340.0,0.38634,2.16984,80.4
291,-579.6,-616.8,-456.0,-0.36455,-2.15867,160.8
291,67.6,-12.8,123.6,0.36334,2.71241,136.4
294,-1509.6,-1523.2,-1498.4,0.51592,2.55674,24.8
294,-1060.0,-1068.8,-1040.0,-0.58794,-2.81218,28.8
294,-713.2,-725.6,-700.4,0.48738,2.49966,25.2
294,-352.8,-368.8,-319.6,-0.51361,-3.04944,49.2
294,8.0,-10.0,27.6,0.56398,4.02751,37.6
294,500.8,463.6,520.0,-0.38096,-2.71445,56.4
294,897.2,881.2,921.2,0.29911,2.32211,40.0
294,2190.8,2134.4,2208.8,-0.33467,-2.38071,74.4
301,619.6,581.2,672.0,-0.63208,-2.90971,90.8
301,2331.2,2270.0,2411.2,0.55342,2.22507,141.2
308,-1016.0,-1083.6,-1004.4,0.48377,2.38472,79.2
309,-1204.0,-1240.0,-1158.0,-0.51123,-2.13201,82.0
309,1456.4,1364.4,1529.6,-0.43754,-2.96585,165.2
309,2378.4,2309.6,2449.2,0.39343,2.45881,139.6
317,-480.4,-502.0,-460.0,0.37126,2.08302,42.0
317,-174.4,-183.6,-160.8,0.50043,2.47021,22.8
317,81.2,8.8,108.4,0.46847,2.60577,99.6
317,970.8,930.8,1008.8,-0.37559,-2.19208,78.0
329,-16.8,-25.6,9.6,0.25599,2.21219,35.2
330,13.2,-4.8,48.4,0.35669,2.42616,53.2
331,-22.8,-45.6,18.4,0.29782,2.36979,64.0
335,-478.4,-494.4,-464.4,-0.30815,-2.40996,30.0
337,-50.8,-88.0,86.4,0.38704,2.52085,174.4
339,4.0,-12.0,56.0,0.2567,2.29042,68.0
358,-1064.4,-1093.2,-1058.4,-0.62628,-2.65952,34.8
358,-16.0,-50.4,49.2,0.46271,2.43946,99.6
358,2301.2,2277.6,2331.2,-0.44329,-2.189,53.6
361,9.6,-18.8,20.8,0.44936,3.33366,39.6
361,114.4,60.4,130.0,0.41549,3.00844,69.6
363,37.6,-9.2,113.6,0.46125,2.87669,122.8
364,-882.8,-913.2,-859.6,0.3608,2.13397,53.6
364,-495.2,-556.8,-429.6,-0.29785,-2.26271,127.2
386,2.8,-6.8,16.0,0.47963,2.89384,22.8
406,0.4,-16.4,16.8,0.30622,2.65344,33.2
409,22.4,2.0,79.2,0.31357,2.11558,77.2
409,390.8,365.2,406.8,0.30138,2.28769,41.6
409,496.8,476.0,506.8,0.33799,2.60566,30.8
416,1847.2,1782.8,1884.8,0.27356,2.13104,102.0
418,-9.2,-70.0,102.0,0.34436,2.27379,172.0
420,1656.4,1610.0,1768.0,0.36248,2.83039,158.0
420,2482.0,2429.6,2568.4,-0.3632,-2.31589,138.8
421,8.8,-56.4,50.0,0.34871,2.69667,106.4
427,2109.6,2068.0,2137.6,-0.4335,-2.32952,69.6
428,-0.8,-20.8,55.6,0.40817,2.53114,76.4
432,1290.8,1200.0,1323.2,-0.45865,-2.21042,123.2
433,-1.2,-10.8,23.6,0.27634,2.57882,34.4
448,1.6,-31.6,52.4,0.42507,2.43572,84.0
458,-446.4,-478.4,-424.0,0.41286,2.32305,54.4
458,-12.4,-70.8,3.2,0.4854,2.93611,74.0
458,388.8,359.6,421.6,0.39845,2.24378,62.0
467,-693.6,-710.4,-681.2,-0.4625,-2.54354,29.2
467,570.8,471.2,606.0,-0.32914,-2.45362,134.8
467,1043.2,1009.2,1235.6,0.30063,2.25759,226.4
471,-1115.2,-1142.0,-1065.6,-0.49039,-2.55311,76.4
471,-370.8,-438.8,-313.6,-0.39165,-2.48835,125.2
472,-737.6,-840.8,-725.6,0.35132,2.33287,115.2
478,-706.8,-721.2,-637.2,-0.70072,-2.97281,84.0
478,-96.4,-120.8,-78.4,0.43631,2.24962,42.4
489,261.2,230.4,300.0,0.33471,2.22546,69.6
489,1068.8,1040.4,1147.6,-0.3128,-2.16944,107.2
489,2074.8,2053.6,2104.8,0.35906,2.4707,51.2
512,85.2,-4.8,103.2,0.32706,2.39525,108.0
551,-776.4,-789.6,-760.8,0.47647,2.40832,28.8
551,38.8,-13.6,59.2,0.52763,3.01371,72.8
551,931.2,852.8,953.6,0.434,2.51262,100.8
551,1290.4,1272.0,1313.2,0.39915,2.11241,41.2
563,-108.8,-156.0,-3.2,0.27317,2.31294,152.8
564,278.4,198.8,455.6,0.53742,2.72225,256.8
629,-805.6,-838.4,-778.0,0.39773,2.39844,60.4
629,-408.0,-434.0,-388.0,-0.33516,-2.33242,46.0
629,46.8,30.4,64.8,0.30522,2.42474,34.4
642,-72.8,-96.4,4.4,0.50668,2.86377,100.8
645,2562.0,2443.2,2689.2,-0.45336,-2.2362,246.0
665,-7.6,-40.4,30.4,0.40304,3.19374,70.8
665,617.2,580.0,669.6,-0.27146,-2.1787,89.6
667,15.6,-4.8,75.6,0.29712,2.56851,80.4
667,865.2,825.6,900.0,-0.31544,-2.29923,74.4
697,-19.2,-56.8,38.4,0.37115,2.56214,95.2
736,1229.6,1120.0,1297.2,-0.39569,-2.30747,177.2
